-17,111,87,107,115,133,101,82,87,360,336,247,425,423,319,221.16,-0.189832552,-0.210367956,0.073222674,0.24819891,0.06635359,-0.2599704,-0.33925837,-0.44831428,4.37878355,4.4823089,4.6469464,4.7582765,4.9262404,5.1615,5.373786,5.272331,8.84466,8.54347,8.066265,7.934983,8.002961,8.090008,8.287009746,7.677905,3.8000019,5.619998,3.9000015,3.8666675,4.500001,5.3000007,5.825001,6.449997,20.166666,20.759998,17.740002,17.466665,16.842852,16.333323,16,15.799988,-18.516665,-17.740002,-22.259998,-22.066666,-22.599997,-23.116667,-23.5,-23.900002,-0.04623688,-0.066494303,0.07174003,0.073401721,0.019973552,-0.036871813,-0.048050653,-0.14743844,-0.019303342,-0.067756364,0.14581354,0.17851518,0.047062807,0.041599922,-0.020830505,-0.07703011,0.012238411,0.04751309,0.041404445,0.06423044,0.019360935,0.027721066,-0.002913828,-0.051007245,9.871058317,9.650193127,9.309355695,9.25563359,9.397852523,9.599838348,9.882671842,9.324627878,27.6405737,27.87955461,28.73021395,28.40727463,28.54280184,28.79666197,29.02034867,29.36753612,0.05157758,0.106159836,0.167697789,0.203423282,0.054668971,0.06211716,0.052452508,0.173992731,102.875,333.0228571
-17,83,91,72,71,98,74,92,56,318,323,301,375,341,217,212,-0.066738375,0.09002199,0.1791661,0.20550232,-0.06871359,-0.27573225,-0.30837318,-0.45489833,4.665701,4.633738,4.647545,4.7967834,5.0034027,4.971161,4.999093,5.043785,8.288426,8.150341,7.9287972,7.931192,7.8637557,8.212511,8.2386875,8.287529,2.6749973,3.4000015,2.9750004,3.0749989,4.0999985,4.699997,5.449997,5.600001,17.5,17.299988,17.32499,17.25,16.879993,16.600006,16.399994,16.200012,-22.274998,-22.475,-22.625,-22.900002,-23.200005,-23.433334,-23.799995,-23.900002,-0.106388286,-0.061184254,0.008148957,0.029631048,-0.052021276,0.000513,-0.07706675,-0.056500953,-0.02296853,-0.10451904,0.018570306,0.0522697,0.050029866,0.07049385,0.033689216,0.020911954,0.048093416,-0.013909402,0.01831374,0.007929031,0.051789153,0.04015217,-0.009022483,-0.048767406,9.511636315,9.375910101,9.192257615,9.27120104,9.320805429,9.603843339,9.641680173,9.71235484,28.45313948,28.56527997,28.65129196,28.83449687,28.98248408,29.09933527,29.41261689,29.41106077,0.118991586,0.121906579,0.027324986,0.060605198,0.088833085,0.081128557,0.08459109,0.077510821,79.625,298.1428571
-17,87,87,70,99,111,73,66,82,318,317,238,372,364,209,191,-0.090381116,-0.13497312,-0.04339491,-0.16903064,-0.16799314,-0.4429273,-0.6655881,-0.49051207,4.7695494,4.871003,4.801871,4.984728,4.929262,5.102642,5.189033,5.1071315,8.151658,7.946355,7.9466553,8.00262,8.093598,7.9203186,7.880914,7.793426,2.9000015,3.5249996,3.199997,3.4200013,3.883335,4.1749973,4.833336,5.25,17.299988,17.17501,17,17,16.84999,16.625008,16.5,16.424995,-23.140001,-23.475,-23.349998,-23.279997,-23.78333,-23.799995,-24,-24.150002,-0.021478008,-0.05971818,0.019449959,0.015051732,0.005909113,0.031056393,-0.12471423,-0.042613946,-0.002260199,-0.055771995,0.033332884,0.027672196,0.06397795,0.09798279,0.017450385,-0.07519752,-0.00770912,-0.038741075,0.023811527,0.030531043,0.01841555,0.021673499,-0.07616675,-0.035997417,9.444908595,9.32145084,9.284889804,9.429634747,9.477983654,9.432104044,9.459274627,9.330642157,29.03720441,29.29986716,29.05963502,29.02851476,29.40491863,29.33021063,29.5230611,29.67432488,0.022931286,0.090430345,0.045347226,0.04386855,0.066837326,0.105046976,0.147171767,0.093629213,84.375,287
-17,90,84,102,108,96,71,115,88,375,312,270,388,342,231,228,-0.18555064,-0.055365913,0.13910311,0.08000624,-0.12521675,-0.17657237,-0.18495208,-0.20979193,4.495114,4.5624504,4.450821,4.5362144,4.682819,4.693533,4.7143826,4.7471037,8.189068,8.109461,8.1402855,8.231265,8.34068,8.2276745,8.221489,8.218995,1.9000015,2.5499992,2.3800018,2.4600005,3.3800018,3.6499977,4.079999,4.3199997,17.779993,17.799988,17.799988,17.899994,17.580006,17.225006,17.060003,16.799988,-23.039999,-22.700005,-22.799995,-23.02,-23.099998,-23.225002,-23.42,-23.400002,-0.070102885,-0.06286413,0.062332697,0.014318693,-0.021355841,-0.060573388,-0.07513234,0.007354827,-0.06701193,-0.0704633,0.07214318,-0.008124508,0.010934485,0.032620206,0.03659083,0.00177151,-0.006609564,-0.028722884,0.041648794,0.005119049,0.007318165,0.031294625,0.015972089,-0.03023783,9.343517198,9.304965166,9.278653203,9.398795964,9.566159934,9.473914582,9.479055435,9.49372872,29.16469974,28.95914874,29.02315891,29.26400157,29.22483414,29.14488004,29.26066462,29.12837256,0.097204422,0.098701467,0.104041461,0.01724057,0.025083669,0.075581524,0.08508152,0.031169827,94.25,306.5714286
-17,97,76,98,116,97,92,107,73,403,397,249,479,315,208,219.8432,-0.21140802,-0.17866729,0.05602432,-0.093972415,-0.25617957,-0.35673606,-0.23846248,-0.2896984,4.476199,4.541501,4.394318,4.596468,4.704846,4.786488,4.784094,4.821922,8.487445,8.257602,8.318174,8.22089,8.374438,8.340681,8.409393,8.233659,2.740001,2.8250027,2.7199981,2.6200013,3.0399995,3.7199998,4.5999985,4.7249985,17.799988,17.67501,17.879993,18.080006,17.419994,17,16.83999,16.700012,-22.680004,-22.599998,-22.640001,-22.859999,-22.66,-23.160002,-23.400002,-23.349998,-0.045179587,0.002651162,0.031178564,0.042561024,-0.004475596,0.03252247,-0.1353433,-0.054464735,-0.0576046,-6.11E-05,0.03781256,0.03333288,0.051149786,0.038056906,-0.01069014,-0.019761492,-0.005510005,-0.014672983,0.022956314,0.008132651,0.043359216,0.046291366,0.020512853,-0.007228572,9.597800449,9.425770214,9.407719602,9.419096628,9.608975787,9.623132938,9.677929034,9.546098547,28.96083147,28.829612,28.97692504,29.26312659,28.74323204,28.9693647,29.19426901,29.09361473,0.073415565,0.014910695,0.054119173,0.054668653,0.067203818,0.06818306,0.137305736,0.058388151,94.5,324.4061714
-17,88,101,121,123,116,119,95,99,356,315,281,425,351,281,238,-0.23672667,-0.11109097,0.005785987,0.050876785,-0.20450473,-0.3964399,-0.6052542,-0.4982334,4.2904096,4.355053,4.23235,4.3349013,4.6048484,4.634975,4.736928,4.7486596,8.372224,8.307402,8.518371,8.452331,8.274361,8.366338,8.322485,8.400536,1.240001,1.2333323,1.5666656,2,2.5799987,3.7666676,4.6399994,4.860002,18.740002,18.316656,18.299988,18.314274,17.779999,17.316656,17.240002,17.040003,-21.779997,-21.916666,-22,-22.471426,-22.5,-22.9,-22.8,-22.779997,-0.042247433,0.001531241,0.02260609,0.012643173,0.036655996,0.007945332,0.017739538,-0.05385387,-0.05320636,0.03190754,0.018468484,0.055091318,0.05725844,0.024169905,0.09938778,-0.056382865,-0.011374312,-0.001539381,0.01485217,0.030792842,0.027273098,-0.000419,-0.039229773,-0.057930384,9.410514798,9.380392093,9.51185915,9.499255606,9.47161554,9.572657383,9.595237157,9.662660586,28.75923411,28.58953032,28.65909981,29.05817645,28.79296368,28.95624906,28.95837121,28.86017299,0.068884957,0.031981331,0.032752208,0.064366935,0.073253074,0.025445789,0.108312497,0.097134938,107.75,321
-17,97,90,79,109,97,89,108,72,419,411,230,395,392,249,210,-0.26982653,-0.45010987,-0.11462241,-0.03750916,-0.31818944,-0.509965,-0.50757074,-0.7082847,4.876031,4.848258,4.664503,4.758077,4.968687,5.042488,5.060744,5.2592635,8.01459,8.121851,8.055591,8.023968,7.996634,8.046613,8.241441,7.658253,3.5800004,3.9000015,3.6749973,3.6199982,3.7199998,4.4750004,5.4499993,6.1499977,17,16.924995,17.299988,17.299988,16.779993,16.399994,16.233337,16.125008,-23.180004,-23.224998,-23.074999,-23,-22.94,-23.05,-23.650003,-23.925,-0.003457484,-0.09820269,-0.035069767,0.07870389,0.028857285,-0.011093304,-0.05721363,0.024133263,-0.029993484,-0.071532324,-0.030757073,0.087659165,0.07629707,0.05870415,-0.021237746,-0.00169006,0.013630438,-0.016627753,0.043206498,0.011838568,0.02320066,0.02307849,-0.008360713,-0.041233405,9.385208444,9.469565365,9.309311086,9.328706563,9.419938978,9.509717677,9.684529294,9.317207671,28.96772322,29.0011379,29.07319674,29.00679182,28.66444075,28.64066919,29.19839661,29.49989796,0.033126306,0.122625951,0.063582132,0.118400098,0.084807172,0.064045728,0.061598237,0.047806531,92.625,329.4285714
-17,119,81,82,115,139,124,99,75,415,300,208,312,359,289,259,0.61870164,-0.181439563,0.6233903,0.646634,-0.193230255,-0.391904026,0.11444284,-0.485173,3.965596,3.9061399,3.7508163,3.8732197,4.037308,4.176884,4.3502645,4.272453,8.490237,8.441656,8.5422125,8.483255,8.588172,8.736641,8.503486,8.549395,-0.8833351,-0.35000038,-0.19999695,0.049999237,0.6857147,1.4333344,2,2.5249996,18.966665,19,19.15001,19.299988,19.114292,18.566671,18.33999,18.25,-20.95,-20.975,-21.099998,-21.150002,-21.442858,-21.950003,-22.160002,-22.125,-0.051410425,-0.029419262,-0.01475849,0.173388,0.015173899,-0.053548437,-0.048844777,-0.07482691,-0.08741482,0.08301659,0.022388201,0.15717563,0.077518806,0.024475336,0.023762658,-0.06094399,0.011085165,-0.010549643,0.05618738,0.106156155,0.028611183,0.017804684,0.028209755,-0.01704314,9.391105775,9.303354516,9.350221002,9.348025555,9.49178024,9.691689465,9.55233859,9.569817258,28.27396615,28.30323524,28.49513638,28.63240509,28.73364792,28.78503693,28.83437049,28.79155689,0.102015996,0.088704803,0.062258062,0.256976081,0.084011977,0.061510031,0.061206752,0.097998495,104.25,306
-17,94,103,92,109,121,108,118,80,341,322,224,355,406,252,220,0.13239935,0.060812723,0.31028855,0.2882619,0.10773907,-0.1793257,-0.074020736,-0.19363105,3.7045484,4.497390058,3.6863525,4.498702222,4.620977186,4.74494814,4.814522158,4.897570218,8.887277,8.838435,8.6378,8.204508624,8.814853,8.319141236,8.674392,8.549396,0.07999878,0.9166667,0.9199997,0.82000124,1.4142859,2.4600005,3.3333333,4.1499977,19.899994,19.533335,19.399994,19.459997,19.399994,18.799994,18.36666,18.299988,-20.779997,-20.95,-20.92,-20.619999,-21.028574,-21.779997,-22,-22.099998,0.03142292,-0.01445306,-0.004984651,0.09275378,0.03909946,-0.04371352,-0.05762088,0.025100466,-0.06542367,-0.05330817,-0.039767325,0.07348709,0.07018841,0.008613202,0.00177151,0.008949176,0.000354,0.028393015,-0.002608395,0.068771206,0.061990604,0.051789153,0.007012732,-0.005890486,9.629376974,9.917063515,9.396651668,9.361376948,9.953224165,9.578872661,9.921198478,9.854737895,28.77193835,28.65822664,28.54562255,28.36455965,28.64543413,28.87662803,28.85212835,28.99175664,0.072579486,0.062103263,0.040163299,0.136868897,0.101479139,0.068316729,0.058073079,0.027291372,103.125,302.8571429
-17,106,95,72,108,113,120,88,98,343,299,222,371,352,291,208,0.20260932,0.039504327,0.24301147,0.3082535,0.040222585,-0.11931106,0.023044195,-0.15753849,4.0360255,4.095042,3.9055414,4.014877,4.2159495,4.304375,4.374506,4.4273577,8.630798,8.472601,8.704719,8.442953,8.776664,8.775548,8.719982,8.337808,0.48000032,1.2399994,1.3000011,1.5666656,2.1499977,2.883335,3.4500008,3.9800003,18.700012,18.700012,18.899994,19.100006,18.71667,18.34999,18.125008,18.100006,-21.28,-21.48,-21.475,-21.816666,-22.1,-21.816666,-22.125002,-22.42,-0.08060977,-0.081709325,-0.007580828,0.10303667,-0.013944007,-0.057315443,-0.072302006,-0.11127521,-0.030360002,-0.02437352,-0.047250424,0.13992886,0.0391361,0.013785194,0.04062254,-0.109650314,0.015992451,0.006585127,0.018619172,0.074309714,0.02197893,0.042341102,-0.001111776,-0.003359759,9.53001713,9.410414299,9.543816903,9.354021216,9.736820786,9.775076571,9.755763418,9.441681885,28.33300635,28.50646326,28.63695866,29.03845012,29.040424,28.65314414,28.80857744,29.08791879,0.087609493,0.085521028,0.051349246,0.188993584,0.047001521,0.072580028,0.082939779,0.156258285,100,298
-17,94,81,79,107,108,83,91,82,364,320,255,368,341,285,227,-0.017657237,-0.0676362,0.0867898,0.12497733,-0.10434729,-0.33854014,-0.25169045,-0.16490065,4.229058,4.3032784,4.113239,4.1632776,4.3716125,4.4699745,4.428674,4.5501804,8.492233,8.205827,8.166323,8.44459,8.421603,8.480981,8.636484,8.323143,-0.11999817,0.80000114,1.1999989,1.1799972,1.7333336,2.2249985,2.800003,3.3000011,18.640009,18.600006,18.899994,18.919994,18.583338,18.100006,17.700012,17.525002,-21.960001,-22.9,-23.150002,-22.880001,-22.5,-22.299995,-22.25,-22.449999,0.005766577,-0.07560067,0.022809714,0.05243668,-0.003640749,-0.044843607,-0.039559625,0.03426344,-0.014477504,-0.05674938,0.002382375,0.08413651,0.037201695,0.03735441,0.03659083,0.033841938,0.012082914,-0.010030407,0.017397441,0.024626011,0.03908316,0.025491407,0.010983356,-0.02461787,9.487005042,9.265979516,9.144129203,9.415922683,9.489219214,9.592826496,9.709034832,9.487151485,28.80461732,29.51288236,29.90940259,29.71284255,29.23345509,28.80712781,28.56909067,28.67085903,0.019719238,0.095060836,0.028785929,0.102151839,0.05408063,0.063687619,0.054995335,0.054086039,90.625,308.5714286
-17,116,81,106,133,138,117,67,65,385,403,274,338,398,306,234,0.13068351,-0.1103727,0.3062184,0.22043756,-0.2079535,-0.33858,-0.4189853,-0.34436598,4.2313523,4.4065285,4.2025423,4.187972,4.5500093,4.476958,4.68665,4.713385,8.663619,8.340201,8.248743,8.5744915,8.439561,8.714496,8.384195,8.151459,2.1833305,2.6749973,2.0799987,2.1571426,3.52857,4.8833337,5.3333335,5.2250004,18.066671,18,18.299988,18.5,17.91428,17.399994,17.399994,17.34999,-22.316664,-22.375,-22.039999,-21.928572,-22.199999,-22.849998,-23.066666,-22.9,-0.05365025,-0.13311364,0.078093015,0.12975477,-0.017289223,-0.049374193,-0.10801724,0.008148953,-0.045265112,-0.15231925,0.017776186,0.18773632,0.11233812,0.012665273,0.018672114,0.011239919,0.03378899,0.011746938,0.064495146,0.076695,0.041482478,0.02900388,0.040915754,-0.007461283,9.642598957,9.433378413,9.262661204,9.545135236,9.590204334,9.803072472,9.614310308,9.422360103,28.79592029,28.84087786,28.72242175,28.77091473,28.743907,29.13295639,29.38154723,29.20158869,0.07790363,0.202628689,0.102830616,0.240755787,0.120994076,0.058646783,0.117006286,0.01576109,102.875,334
-17,83,103,89,106,163,110,99,71,440,358,249,302,431,301,237,0.32321724,0.09959879,0.46758756,0.15873557,0.068683654,-0.033319306,0.022026658,-0.114023864,4.220259,4.3105206,4.016034,4.2765226,4.3944077,4.532224,4.5487437,4.6312838,8.696459,8.2101965,8.636364,8.495585,8.614338,8.401652,8.441955,8.487445,1.8800018,2.4000015,1.7800019,1.6799972,2.4125004,3.0333328,3.6599991,4.375002,18.100006,18.100006,18.200012,18.419994,18.200012,17.899994,17.540003,17.32499,-22.240002,-22.44,-21.960001,-21.960001,-22.6375,-22.950003,-23.039999,-23.175003,-0.043835685,-0.070844795,0.004056153,0.09812941,-0.032168154,0.022015588,-0.061306424,0.04897511,-0.018631391,-0.16584992,0.02058616,0.09364563,0.017348573,0.13677272,-0.008368853,-0.006576981,-0.014550811,-0.037030656,0.01794722,0.020268505,0.027629433,0.07781201,0.014526377,-0.007406741,9.671786523,9.27350173,9.535929444,9.512560487,9.670695717,9.54619929,9.589481667,9.669462948,28.73608033,28.92963575,28.57709725,28.71167382,29.14647494,29.26283532,29.18713505,29.26391438,0.049803836,0.184109887,0.027610597,0.13714845,0.045816467,0.15889044,0.063557304,0.049966768,103,331.1428571
-17,106,115,100,116,147,88,88,97,316,350,260,293,378,251,191,0.06344634,0.03303998,0.3727772,0.19931729,0.071142,-0.33429042,-0.16089036,-0.34668043,4.44699,4.578192,4.2999864,4.4043336,4.536499,4.6830587,4.6220064,4.745308,8.365102,8.142441,8.439561,8.285733,8.369445,8.540117,8.612183,8.24156,2.1599991,2.2333336,2.5399995,2.6333325,3.1714282,3.5749989,4.0399995,4.4600005,17.819988,17.799988,18,18.15001,17.81428,17.17501,16.899994,16.799988,-22.679998,-22.916666,-22.799995,-22.683334,-22.771427,-22.725002,-23,-23.359997,-0.027077613,-0.09392664,4.08E-06,0.14457552,0.018839095,-0.05522832,-0.12303436,0.08102517,-0.055038955,-0.098043874,0.00767654,0.2432669,0.08675814,0.06133087,-0.007696897,0.015699238,0.019026412,0.003286454,0.029716557,0.044988185,0.034501668,0.010067059,-0.009633345,-0.048040185,9.473894498,9.341321056,9.479189615,9.385694071,9.520109977,9.745582961,9.775404078,9.516377807,28.92403633,29.10328044,29.15975599,29.17003504,29.08512363,28.70866248,28.82588061,29.11736013,0.064222177,0.135814637,0.030692068,0.286539356,0.095248367,0.083144384,0.123650707,0.095495569,107.125,291.2857143
-17,106,91,110,108,99,93,108,74,314,309,251,342,342,260,225,-0.036511574,-0.047884032,0.12449849,0.16759413,-0.23678656,-0.40390182,-0.37908193,-0.47046062,4.262078,4.467101,4.299508,4.3915644,4.6217675,4.700297,4.7907977,4.914498,8.583213,8.169973,8.435969,8.272565,8.231026,8.48936,8.337608,8.005811,1.3666674,1.6799988,1.7600006,1.8833338,2.940001,4,4.766668,5.2250004,18.233332,18.100006,18.140009,18.216675,17.819988,17.34999,17.13334,16.899994,-21.916666,-22.02,-22.259998,-22.683334,-23.48,-23.799995,-23.900002,-24.099998,0.05335298,0.01187523,0.03936415,0.107923605,0.021791607,-0.06775106,-0.09307142,0.014868471,-0.021950424,0.02144137,0.05821545,0.17749709,0.1140689,0.007880162,-0.016310101,0.017195852,-0.00255749,-0.004288275,0.03590666,0.028494827,0.04855157,0.014343116,-0.027256807,-0.029888762,9.583224268,9.311591864,9.469257726,9.367457358,9.442806347,9.712114177,9.623468859,9.405670287,28.54229185,28.55368651,28.76916821,29.15352184,29.62272739,29.72308724,29.79064549,29.89515563,0.057748613,0.024882579,0.078916812,0.209677554,0.125872328,0.069699556,0.098342474,0.037551389,98.625,291.8571429
-17,91,101,106,116,111,98,99,92,300,330,256,347,365,249,217,-0.30765492,-0.29209262,-0.02489971,0.017717088,-0.1685917,-0.5070919,-0.3643975,-0.43406877,4.5231256,4.587291,4.3347025,4.3457155,4.529231,4.733576,4.63326,4.6945505,8.444829,8.236533,8.102937,8.36989,8.263986,8.392874,8.54299,8.208521,1.8200012,2.0399995,2.2399993,2.25,2.5666656,3.4,4.4600005,5.2750015,17.799988,17.700012,18.02,18.399994,18.100006,17.379993,17.100006,17.200012,-23,-23.319996,-22.900002,-22.4,-22.450003,-22.42,-22.859999,-23.375,-0.04301596,-0.10284527,-0.06289469,0.05823992,0.04897511,-0.04945564,-0.12422556,0.039150357,-0.1517084,-0.013988817,-0.025839597,0.10001901,0.11529062,0.040744714,-0.030115655,0.045601092,-0.020476203,0.018191565,0.01562593,0.0432574,0.055372898,-0.003799582,0.005607742,-0.02058616,9.584803263,9.432339724,9.189551338,9.430833246,9.425275658,9.649052696,9.725356647,9.46609936,29.14021237,29.3474741,29.22581202,29.07545837,28.95169467,28.57062402,28.8943137,29.49672318,0.15901285,0.105374426,0.069768162,0.12355927,0.136954906,0.064190567,0.127946822,0.063529521,101.75,294.8571429
-17,96,78,92,115,91,97,94,83,342,264,242,317,320,278,220,0.13072342,0.053570263,0.2741361,0.20051439,0.23942018,-0.01077391,-0.08379706,-0.30855274,4.2384553,4.343381,4.136462,4.329315,4.3777976,4.487452,4.517619,4.736629,8.524076,8.449437,8.634449,8.372125,8.398381,8.494389,8.593748,8.238149,1.5999985,2.0749989,2.2750015,2.4200013,3.1599991,3.8600006,4.3,4.574999,18.399994,18.32499,18.399994,18.5,18.240002,17.680012,17.439997,17.25,-22.3,-22.675003,-22.425001,-22.319996,-22.9,-23.48,-23.319996,-23.1,-0.037238333,-0.06454401,-0.003915634,0.037165053,-0.04148385,-0.08073194,-0.083419755,0.049382355,-0.10586295,-0.05030475,-0.05931502,0.05907067,0.029718593,0.010812318,-0.004092796,0.052228976,0.015381587,0.011288789,0.021062633,0.048612654,0.018619172,0.009150761,-0.027989846,-0.010812315,9.520581054,9.500569136,9.578057111,9.427388366,9.473924069,9.606871812,9.709191937,9.507784075,28.9553065,29.22784015,29.09666787,29.09104033,29.44644745,29.6444401,29.43578959,29.19080533,0.113270697,0.082607105,0.063065349,0.085051604,0.054321065,0.081965168,0.088085402,0.072686925,93.25,283.2857143
-17,105,79,91,97,133,114,81,57,320,305,244,349,345,293,214,-0.30166942,-0.43783966,-0.13000514,-0.12761095,-0.34784332,-0.46886453,-0.52133745,-0.48562393,4.0857053,4.21589,4.0780435,4.1769247,4.296908,4.3718123,4.4708724,4.535416,8.615056,8.378808,8.461827,8.216901,8.520451,8.573437,8.670302,8.495027,1.316667,1.6249981,1.4500008,1.4600006,1.8571451,2.3333333,3.1749992,3.6666667,19,18.82499,18.84999,19,18.614292,18.166677,17.924995,17.899994,-21.733335,-21.900002,-21.900002,-21.799995,-22.100002,-22.16667,-22.299995,-22.533333,0.007741707,-0.0915748,-0.014605783,0.043395866,0.043186434,-0.054098226,-0.06836192,-0.004577412,-0.06410013,-0.070157886,-0.029535342,0.11893544,0.13302027,0.06273586,-0.018997904,0.012970708,0.009659815,-0.000318,0.03969402,0.051178288,0.05889264,0.051056117,-0.026126707,-0.043778677,9.539558801,9.389880487,9.394139466,9.218483961,9.548952748,9.635164696,9.769064926,9.642163275,28.89760305,28.92457355,28.9315522,28.95464356,28.95429058,28.75471885,28.78673032,29.01043478,0.065284552,0.11536106,0.051587601,0.13655789,0.151749146,0.097309472,0.075610034,0.04588861,94.625,295.7142857
-17,96,85,81,99,108,116,122,65,294,305,233,334,334,255,238,-0.24564508,-0.3552397,-0.04668693,-0.13335702,-0.29209262,-0.60353833,-0.56682724,-0.7230489,4.450103,4.5079827,4.287417,4.3981485,4.5315056,4.671287,4.7321396,4.911705,8.383298,8.24204,8.375516,8.32057,8.342596,8.50221,8.436967,7.902063,1.7800003,2.375,2.2399993,2.0799987,2.6799972,3.5,4.549999,4.966667,18.100006,18,18.040003,18.200012,17.939997,17.416662,17.166677,17,-22.400002,-22.324997,-22,-22.06,-22.6,-22.916666,-23.116667,-23.066666,-0.013781115,-0.1263025,0.018594751,0.12403009,-0.002663364,-0.02013411,-0.013129521,0.09458639,0.003115407,-0.108550765,0.005558875,0.1740355,0.048441615,0.012644911,-0.01940515,0.06682866,0.00548557,-0.012229523,0.027232373,0.029187143,0.013793337,0.016236799,-0.005611814,-0.021278473,9.494390111,9.401027956,9.409218483,9.412405614,9.498356127,9.719709648,9.690038724,9.332215459,28.85374686,28.77579045,28.53873342,28.67421196,28.97905929,28.9959255,29.15094481,29.08158973,0.015156397,0.166988477,0.033440514,0.215693551,0.050437483,0.028790794,0.024092252,0.117751554,96.5,284.7142857
-17,95,92,75,111,97,109,73,90,321,318,224,331,330,296,223,-0.054587793,-0.2315193,0.040701427,-0.005746086,-0.1625663,-0.44372538,-0.6338649,-0.35697547,4.4225693,4.466623,4.3610387,4.493677,4.6373296,4.6722846,4.785411,4.8384423,8.608831,8.474037,8.341698,8.314822,8.315302,8.4826565,8.47757,8.195592,2.0999985,2.5749989,2.4750004,2.440001,2.8600006,3.8000016,4.5249996,5.324999,18,18,18,17.939997,17.759998,17.379993,17,16.799988,-22.880001,-22.900002,-22.574999,-22.119999,-22.4,-23.200005,-23.45,-23.375,-0.032107066,-0.12272893,0.006010925,0.04608368,-0.005473343,-0.037971374,-0.082717255,0.046938892,-0.05088508,-0.12544118,-0.01573996,0.057726763,0.10280862,0.049296826,-0.028924469,0.025442537,-0.019682081,0.007470882,0.001820377,0.032485813,0.063029066,0.019901987,-0.005662722,-0.01810779,9.678536575,9.581942668,9.41298256,9.451424807,9.522368454,9.694462177,9.755569499,9.52395315,29.18740207,29.24107917,28.97854736,28.58481158,28.72902944,29.23601205,29.31515174,29.27432042,0.063305129,0.175652196,0.01694672,0.080693325,0.120715504,0.065330631,0.087811364,0.05637796,92.75,291.8571429
-17,95,76,84,126,82,104,110,100,411,319,276,401,354,347,210,-0.1745373,-0.60303956,-0.09247604,-0.3762317,-0.18148048,-0.3430891,-0.40801188,-0.35410243,4.0543413,4.664204,4.375703,4.5676236,4.626795,4.5786715,4.83509,4.8743553,8.354088,8.032546,8.752902,8.488642,8.131427,8.727823,8.245232,8.232462,21.784805,24.4,24.474998,24.214289,24.2,24.24,24.48,24.879995,8.557202,5.0599976,4.100006,4.1571527,4.100006,3.6800048,3.419995,3.2999878,-17.871998,-15.940001,-16.325,-16.97143,-16.324997,-15.9800005,-15.9800005,-15.960001,0.000513,0.008210043,-0.08836776,0.069730261,-0.006664529,-0.048152465,-0.05556429,0.019694306,0.077396624,-0.062366316,-0.067256264,-0.040480003,0.07072637,0.03567453,-0.07678576,-0.08680395,0.009237693,-0.020781634,0.08825781,0.040203076,0.001820378,0.004162029,-0.005876523,0.009010262,9.287568732,9.3080745,9.786144388,9.646853303,9.357364597,9.861888113,9.567048643,9.573826753,29.44845917,29.58119686,29.70422868,29.86039428,29.47805245,29.26568727,29.43343646,29.74265796,0.077947646,0.06624831,0.141851003,0.090095656,0.071062994,0.060072077,0.094963029,0.089464944,97.125,331.1428571
-17,89,107,93,99,128,122,98,71,299,283,243,414,392,297,237,-0.2846706,-0.10749966,0.02681506,-0.114203416,-0.14923857,-0.4701186,-0.60070527,-0.5374983,4.0557775,4.1941624,3.9731777,4.315309,4.2024226,4.449453,4.397909,4.5875897,8.908824,8.226956,8.591593,8.093839,8.593987,8.571925,8.535809,8.684069,22.040003,22.316666,22.919994,23.180002,23.45714,23.683334,23.919998,24.025002,7.5600038,7.2666626,7.299988,7.1400084,6.242859,5.616674,5.180005,4.9249954,-17.720003,-17.616667,-18.240002,-18.48,-17.985714,-17.266665,-16.32,-16.05,-0.10602176,-0.14741808,0.045594994,0.017128661,0.024075082,-0.018627303,-0.034306183,0.07809302,-0.10354166,-0.12060517,0.060170222,0.026083946,0.17211564,0.020606523,-0.07067712,-0.034065917,0.008906415,0.018720983,0.08746369,0.012082914,0.08419991,0.058019977,0.007195992,-0.056505036,9.792727584,9.235007279,9.465850747,9.173067314,9.567614144,9.669360977,9.620939958,9.836052972,29.27309167,29.34595241,30.18797149,30.4926649,30.21086913,29.84267174,29.4166816,29.30970489,0.148461487,0.191384881,0.115538981,0.033462816,0.193114028,0.064326689,0.078892026,0.10223417,100.875,309.2857143
-17,72,90,99,108,130,80,64,50,300,292,259,446,424,316,207,-0.12060791,-0.20590134,0.19297266,-0.078410104,-0.2397622,-0.2525883,-0.3992331,-0.5291186,4.555567,4.928165,4.4053316,4.7544856,4.618928,4.726633,4.8724995,4.981735,8.260894,7.608474,8.168537,7.833229,8.29095,8.16734,8.173206,7.9475527,21.125004,22.3,22.64,22.379995,22.899996,23.359997,23.575005,23.949997,7.4249954,6.8,6.5600038,6.5200014,6.066671,5.319989,5,4.899994,-19.299995,-18.9,-19.079998,-19.279997,-18.866667,-17.7,-17.299995,-17.200005,-0.01933999,-0.109686956,0.09983982,0.08114736,0.073380634,-0.00376292,-0.1074064,0.011508711,0.008338306,-0.039767336,0.16756034,0.12357803,0.11085459,0.04086689,-0.008409578,0.05338962,0.011594221,-0.022369886,0.047054483,0.03334102,0.09170483,-0.014672984,0.011797844,-0.05864306,9.434516768,9.06741872,9.282735678,9.163555971,9.493778683,9.439825371,9.523756337,9.394745554,29.56156555,30.0123308,30.32572462,30.25050212,30.28473935,29.78727485,29.66598537,29.89067529,0.024041392,0.11879849,0.200645413,0.151552127,0.161503045,0.043583927,0.108379172,0.080136823,86.625,320.5714286
-17,98,82,88,113,115,100,90,57,333,269,226,390,368,303,223,-0.30454248,-0.18579006,0.09726444,0.038307223,-0.23918076,-0.38714242,-0.37373486,-0.44811475,4.171657,4.2638335,4.0497923,4.181274,4.361038,4.5178585,4.5779533,4.749697,8.671081,8.58441,8.553884,8.463304,8.59686,8.429504,8.439801,7.696959,22.8,23,23.100002,22.866663,23,23.38,24.16,24.5,7.4199953,7.3249893,7.299988,7.166677,6.3666635,5.6400084,5.2400026,5,-17.579998,-17.55,-17.824997,-17.966667,-17.349998,-16.900002,-16.92,-16.766665,-0.00999375,-0.07966292,-0.023310607,0.039404895,-0.04519994,0.017983885,-0.07865499,0.09743708,-0.022663105,-0.1350623,-0.011545357,0.111421816,0.009407322,0.077763155,-0.006902775,0.10480412,0.003042107,-0.004593707,0.05313306,0.03358537,0.046413537,0.05191133,-0.03018896,-0.018733202,9.627206965,9.586808077,9.464629392,9.439917071,9.64271029,9.571701122,9.608723905,9.055584259,29.73134137,29.84389332,30.07707491,29.9507372,29.50520013,29.39462812,29.95746363,30.105997,0.024954875,0.156872903,0.059159122,0.122863924,0.06546563,0.095211946,0.084531823,0.144321935,92.875,301.7142857
-17,124,90,116,95,90,83,98,38,335,277,244,348,448,245,219,0.04412172,-0.028251583,0.35174814,0.100317046,-0.1921347,-0.26605567,-0.4606444,-0.4548983,4.1604385,4.2820296,4.108051,4.369179,4.6393642,4.6615105,4.8602295,4.8841715,8.764147,8.496782,8.551091,8.204451,8.356961,8.218397,8.293276,7.9924436,22.349998,22.600002,22.783333,22.580006,22.974998,23.675003,24.219997,24.349998,7,7,7.033335,6.9199953,6.2999954,5.274994,5.0200014,4.700012,-17.949999,-17.98,-18.199999,-18.48,-18.2,-17.200005,-16.759998,-16.349998,-0.040138884,-0.0251432,0.037572287,0.07723781,-0.038582243,0.057323597,-0.10531927,-0.015980229,-0.058858266,-0.01423316,0.07293732,0.14776829,0.04437936,0.13200799,-0.060536746,-0.11398745,0.007521786,0.03321885,0.02401515,0.07793418,0.040304888,0.046047024,-0.039565742,-0.03940081,9.70162192,9.514824223,9.493206364,9.295848797,9.560304026,9.452116959,9.623536297,9.377697927,29.50804763,29.71599721,29.99646692,29.98755418,29.9796677,29.73502145,29.8781894,29.70412345,0.071637998,0.044025621,0.085488343,0.184051306,0.071292363,0.151104046,0.127758734,0.121659074,91.75,302.2857143
-17,80,89,100,105,91,97,107,72,292,248,247,331,354,266,218,-0.19482817,-0.13407528,0.16140908,0.049799394,-0.1766921,-0.47548848,-0.7360175,-0.24301147,4.5492826,4.4386106,4.3448772,4.505409,4.650737,4.7532086,4.763065,4.7542863,7.8422074,8.318893,8.293315,8.376115,8.305725,8.31985,8.436369,7.883807,21.939999,22.560001,22.716667,22.679998,22.780003,23.34,23.933332,24.075,6.899994,6.819989,6.8666587,6.799988,6.2400026,5.4599977,5.200012,5.200012,-18.240002,-18.099998,-18.083334,-18.200005,-18.079998,-17.44,-16.883333,-16.7,-0.036559803,-0.085008,0.08713383,0.017159216,-0.013842197,-0.04676784,-0.148538,0.10878899,0.06484336,-0.026939163,-0.029993493,0.09615019,0.105924025,0.050396383,-0.10586294,-0.025870143,0.011288788,0.022589797,0.05850867,0.04931515,0.042722524,0.036151003,0.038350116,-0.021947516,9.068304533,9.429910974,9.363924629,9.511072113,9.520800519,9.593695081,9.71600905,9.209598559,29.35423558,29.71659171,29.83630221,29.86406416,29.74478941,29.64322477,29.74712488,29.75795272,0.075290884,0.091991182,0.109156669,0.109413353,0.115050943,0.077678319,0.186389997,0.113956141,92.625,279.4285714
-17,100,109,98,99,103,86,82,53,326,278,223,331,384,247,204,0.2918532,0.06284779,0.029209265,-0.017956514,-0.09959879,-0.3292027,-0.32249898,-0.5546567,4.235103,4.445434,4.4369345,4.7239995,4.7769113,4.824915,4.8334146,5.0976543,8.360073,8.299899,8.306683,7.81635,8.092163,8.252514,8.317457,7.91164,21.339996,21.883331,22.399994,22.580006,23.040003,23.5,23.725002,23.966665,7.2200074,6.983332,6.7200074,6.3399963,5.720001,4.9799986,4.700012,4.5,-18.759998,-18.799995,-18.660002,-18.52,-18.199999,-17.18,-16.849998,-16.766665,-0.003274232,-0.004129437,0.08469037,0.051703643,0.001734865,0.00662179,-0.06362772,-0.034306183,-0.040622544,0.005558861,0.0733649,0.13408491,0.072021015,0.051251598,0.008032879,-0.018387044,-0.015894715,-0.001722641,0.001331686,0.078178525,0.04763527,0.034440584,-0.015436564,0.004581489,9.376145065,9.415633633,9.417442509,9.133007228,9.397441328,9.565153762,9.625278865,9.428031126,29.31657315,29.68310822,29.91845426,29.88381877,29.91320968,29.53307952,29.47691072,29.59344668,0.043744184,0.007135873,0.112056418,0.163596796,0.086366401,0.062102562,0.065964395,0.039191678,91.25,284.7142857
-17,103,98,95,111,182,82,71,83,306,387,276,388,400,271,189,0.26515782,0.17980455,0.38115692,0.4525041,0.033651836,-0.08439562,-0.10334969,-0.21158758,3.7485216,3.8465245,3.7308846,3.9877822,4.2088737,4.3831844,4.441244,4.5157638,8.686962,8.657194,8.729978,8.553286,8.668207,8.376115,8.537324,8.367137,22.316668,22.620005,22.3,22.283335,22.740002,23.379995,24.075005,24.24,7.200012,6.9399962,6.9799986,6.899994,5.45,4.399994,4,4.0400023,-18.150002,-18.299995,-18.600002,-18.983334,-18.069998,-17.4,-17.175003,-17.02,0.078093015,-0.05666386,0.09055467,0.03492521,0.09451851,-0.101195924,-0.07492872,-0.051410407,0.02895502,-0.06139197,0.09938778,0.034147367,0.1599856,0.0138361,-0.024648411,-0.01182024,0.044988185,0.022223277,0.12387125,0.054049354,0.075259954,-0.002150246,-0.076064944,-0.03255912,9.464936959,9.474971681,9.501436543,9.448061612,9.636055358,9.454032505,9.623992441,9.510303548,29.65293267,29.91183696,29.86587442,30.07530392,29.55224219,29.47446545,29.8426975,29.89280212,0.094661761,0.086450223,0.182817301,0.072850159,0.200482422,0.102160052,0.109579802,0.061990679,103.125,316.7142857
-17,131,105,109,109,116,79,88,91,335,289,234,268,473,240,182,-0.3726404,-0.5640739,-0.29747954,-0.33758247,-0.5275225,-0.62129533,-0.7594408,-0.6244078,4.2849364,4.4072466,4.2698593,4.420295,4.495114,4.724658,4.791755,4.839639,8.642042,8.41562,8.4904375,8.295709,8.448739,8.294413,8.300219,8.032308,22.014286,22.5,23.140003,23.266668,23.483335,23.849998,24.280003,24.439997,6.8571343,6.7799926,6.7400026,6.650009,6.3333282,5.399994,4.9199953,4.680011,-17.314281,-17.660002,-17.859999,-17.700005,-17.45,-16.774998,-16.5,-16.039999,-0.056471866,0.029223802,-0.007550293,0.08888499,-0.021274388,0.043579135,-0.10186788,0.01944996,-0.061409414,0.11213449,-0.044898607,0.1666033,0.018468488,0.15066992,-0.03549127,-0.13921618,-0.000885,-0.005284596,0.047024406,0.08683246,0.047431648,0.026254985,-0.03605327,0.003359758,9.653208314,9.516546745,9.508297506,9.405942676,9.584650257,9.565860553,9.614119916,9.398402128,28.83458697,29.39547534,29.99778222,29.98083782,29.93460487,29.65439087,29.76533049,29.60570087,0.083432434,0.116000437,0.065453698,0.207839065,0.055167435,0.159027954,0.113738883,0.140608441,103.5,288.7142857
-17,89,89,90,97,91,98,104,54,300,324,236,389,343,270,218,-0.6039374,-0.47435123,-0.4714183,-0.48530468,-0.206295434,-0.7908048,-0.928232,-0.91378695,4.245518,4.206313,4.254257,4.474763,4.6478643,4.879383,4.808036,4.981137,8.6056595,8.508694,8.565257,8.379466,8.618887,8.196789,8.089049,7.7659926,22.924995,23.175,23.179998,23,23.725002,23.740002,24.399994,24.733332,7.600006,7.4749985,7.399994,7.200012,5.949997,5.2400026,4.9399962,4.799988,-17.324997,-17.625,-17.859999,-17.339998,-16.900002,-16.380001,-16.160002,-16.200005,-0.03522248,-0.06338336,0.02458122,0.112423636,0.02021354,0.018839095,-0.15505387,0.10456384,-0.12116513,-0.055283308,0.054672442,0.002504536,0.00436769,0.09083566,-0.11592186,0.059192847,-0.018949041,-0.009541716,0.018802432,0.08269893,0.045344524,0.02992018,-0.05702631,-0.010777408,9.614912319,9.50347051,9.575205758,9.511807136,9.794407255,9.571891172,9.455767475,9.271319942,29.7232402,30.05988777,30.18363435,29.69033013,29.73025819,29.31466792,29.68011008,29.95359342,0.12759576,0.08464478,0.062823911,0.139586746,0.049837634,0.097474334,0.201820664,0.120638063,89,297.1428571
-17,82,107,100,107,110,104,79,66,291,266,244,349,397,275,205,0.09552865,0.111529894,0.06564102,0.002873033,0.008180189,-0.40342298,-0.08888474,-0.44143093,4.516183,4.6158214,4.407127,4.633738,4.654328,4.891833,4.884471,5.036802,8.564778,8.146272,8.646461,8.165425,8.206525,8.190084,8.006809,7.9224133,22.650002,22.816664,23.100006,23.4,23.683332,23.933329,24.424995,24.525002,5.399994,5.100006,4.9199953,5.0600038,4.849996,4,3.6500092,3.5,-18.700005,-18.483334,-18.06,-17.960001,-17.766665,-17.150002,-16.799995,-16.799995,-0.107457295,-0.062039457,0.009920463,0.005807295,0.026902515,0.008759816,-0.054617453,0.048924208,0.0672868,-0.0970665,0.024740037,0.07487171,0.097555175,0.11620694,-0.0806953,0.06866125,-0.016963728,-0.03336546,0.038227946,0.00100589,0.042992692,0.020960823,-0.028570168,-0.01038471,9.682998337,9.363759587,9.705069034,9.388594226,9.434505213,9.54831169,9.379496138,9.398343905,29.86423802,29.80342016,29.73180504,29.92866977,30.00128432,29.7140843,29.86875926,29.93268373,0.127915409,0.119933538,0.046603228,0.075103325,0.109950575,0.118406686,0.101543351,0.084945792,94.375,289.5714286
-17,107,99,84,106,128,98,99,73,316,283,235,308,346,265,218,-0.24420857,-0.2767697,-0.29831752,-0.28562826,-0.43035772,-0.6047753,-0.58586115,-0.37828386,4.6138263,4.6710877,4.620331,4.743632,4.825314,4.7824183,4.9251122,4.929262,8.230268,8.112274,8.242279,8.11371,8.176398,8.505641,8.433096,8.085219,22.383331,22.84,23.100006,23.25,23.583338,23.74,24.199997,24.399998,6,5.83999,5.799988,5.799988,5.5,4.7200074,4.4399962,4.200012,-18.200005,-18.099998,-18.1,-18.21667,-17.966667,-17,-16.420002,-16.45,-0.044935238,-0.065582484,0.031209115,0.060581546,0.005501871,-0.05409821,-0.060939908,0.031514544,-0.012644911,-0.06261369,0.10958921,0.13483833,0.082812965,0.009834932,-0.02938262,-0.028771754,0.000232,-0.001966985,0.021368068,0.04844976,0.0535403,0.024178043,0.007195992,-6.11E-05,9.438450207,9.365076146,9.453656171,9.402973892,9.503806986,9.776666445,9.783510189,9.476892361,29.46614479,29.72172624,29.91421298,30.10065492,30.15335726,29.578135,29.5798899,29.72545211,0.04668108,0.090694021,0.115932731,0.155559886,0.0987665,0.060065964,0.068035234,0.04267299,99.25,281.5714286
-17,122,90,100,109,130,115,79,66,340,249,218,311,375,295,206,-0.41898528,-0.30190885,-0.112228215,-0.40322343,-0.29488584,-0.6574478,-0.59226567,-0.56543064,4.378197,4.4659047,4.3882723,4.6475444,4.5952706,4.7268724,4.786907,4.859431,8.53473,8.329428,8.387787,8.146071,8.215104,8.442195,8.219893,8.050104,22.416666,23,23.199997,23.02,23.342854,23.550001,23.924995,24.533335,7.299993,6.9599977,6.819989,6.66001,6.3571386,5.616674,5.200012,5.033335,-17.95,-17.660002,-17.599998,-17.660002,-17.771427,-17.483334,-17.05,-16.700005,-0.052428517,-0.036749646,-0.006817258,0.061844002,0.022155212,0.020264445,-0.046981633,-0.01883093,-0.13699672,-0.035124756,0.02828306,0.10268645,0.08685631,0.0803695,0.010170906,-0.011463903,-0.00948063,-0.004410447,0.08477588,0.05630956,0.049729668,0.048042517,0.005485569,-0.014966198,9.601342292,9.45594123,9.467021692,9.387264288,9.417611336,9.697742867,9.530577012,9.420082583,29.63105318,29.82142248,29.90839415,29.768302,30.01875517,29.86329757,29.83534834,30.10164704,0.146992289,0.051026826,0.089628993,0.132438492,0.102508106,0.095801815,0.048381945,0.026646052,101.375,284.8571429
-17,79,91,82,108,107,97,116,38,305,269,208,283,319,249,246,-0.40372226,-0.30933088,-0.20979191,-0.33758244,-0.343967,-0.5547365,-0.63781536,-0.57640404,4.3496656,4.3730097,4.386776,4.4845796,4.5699325,4.6392446,4.8779464,4.7638626,8.480861,8.435969,8.224682,8.169495,8.276156,8.337329,8.163031,8.129512,22.474998,22.560001,22.699997,22.783335,23.766668,24.980001,25.633337,25.75,7.200012,7.2200074,7.200012,7.150009,6.75,5.720001,5.150009,4.899994,-17.675003,-17.740002,-17.700005,-17.866667,-17.883333,-16.86,-16.28333,-16.299995,-0.068972796,-0.00828332,0.000513,0.11779926,-0.024226906,-0.051776927,-0.09366191,0.006621787,-0.10115929,0.006414083,0.04987715,0.16863954,0.050742537,0.035491277,-0.12315044,-0.040683627,0.029920181,0.011227703,0.04015217,0.088766865,0.043562833,0.013793336,-0.022817852,-0.03237586,9.53978961,9.50707486,9.323798063,9.32555975,9.460304144,9.557268328,9.530805035,9.440105606,29.48510537,29.59374635,29.6718758,29.82315832,30.49968208,30.67537223,30.80158104,30.86684756,0.12603835,0.015356274,0.064032726,0.224043559,0.071129941,0.06427081,0.156394497,0.052413757,89.75,268.4285714
-17,112,100,74,108,104,66,91,66,313,259,208,323,421,242,201,-0.67536443,-0.62057704,-0.58927286,-0.45082814,-0.6727707,-0.82390463,-0.9409213,-0.8690952,4.584896,4.5410824,4.5277348,4.5398855,4.701733,4.922179,5.038119,5.0104656,8.292117,8.28705,8.059781,8.060799,8.279628,8.312668,8.233899,7.723096,22.550003,23.12,23.566671,23.71667,23.919994,24.066671,24.05,24.633331,6.799988,6.7599974,6.799988,6.899994,6.5800047,5.299988,4.899994,4.7333374,-16.6,-17.260002,-17.733335,-17.566666,-17.16,-16.400002,-15.825003,-15.733333,-0.06831101,-0.06729291,-0.035680626,0.07870389,0.035230644,-0.023921475,-0.087604165,-0.013129522,-0.088229306,0.015821403,-0.05870415,0.11610512,0.08260935,0.06122906,-0.06908886,-0.042007167,0.015157602,0.013182473,0.05343849,0.05496565,0.05578014,0.029512934,-0.031013628,-0.010690142,9.499294331,9.470044505,9.263244285,9.262304621,9.545216259,9.695726596,9.698714796,9.24696187,28.81496958,29.63342089,30.2671272,30.30970319,30.16501574,29.60159778,29.20347858,29.6098505,0.112607981,0.070373504,0.087034226,0.150651664,0.105720987,0.072057255,0.115799851,0.045290899,90.125,281
-17,86,83,70,113,97,87,71,66,296,254,200,301,477,276,214,-0.32249898,-0.3211223,-0.28311437,-0.19073808,-0.31268272,-0.42467156,-0.59346277,-0.6731697,4.887763,4.876989,4.6645036,4.772043,4.829583,4.920085,4.9805384,5.1152115,7.9791555,7.926903,8.127716,8.136495,8.226717,8.1346,8.042423,7.788737,21.75,21.779999,21.899998,21.716667,21.859997,22.750004,23.050003,23.433329,7.25,7.180011,7.399994,7.533335,7.319995,6.5750046,6.399994,6.399994,-18.574999,-18.960001,-19.25,-18.95,-18.740002,-18.45,-18.05,-18,-0.12501967,-0.01659109,0.030292809,0.09173568,-0.056052983,0.001979211,-0.018576402,-0.017049246,-0.07947357,0.06652322,0.114170715,0.18289304,0.0244957,-0.006536258,0.05247333,-0.019150624,-0.04460538,-0.029578095,0.07542963,0.07848396,0.039449673,0.006096435,-0.021087069,0.013744469,9.362753614,9.312568518,9.375367457,9.434581405,9.544711365,9.516264997,9.478318866,9.342535533,29.50687357,29.75571462,30.08209307,29.79038875,29.70908061,30.01992451,29.96773367,30.23376972,0.154711364,0.074669048,0.14015076,0.219146141,0.072789099,0.009154587,0.059524764,0.029091814,84.125,288.2857143
-17,108,79,73,116,108,100,106,86,311,258,189,294,424,262,245,-0.70916253,-0.55844754,-0.42796355,-0.49799395,-0.6276799,-0.8453527,-0.82540107,-0.7383119,4.664144,4.5750203,4.540304,4.647864,4.759274,4.961584,5.000689,4.9655743,8.338526,8.261493,8.141184,7.989212,8.2593975,8.110558,8.148866,8.086416,21.560001,21.650002,21.949997,21.833334,22.249998,22.733332,23.02,23.374996,8.680011,8.5,8.5,8.43333,8.150004,7.149999,6.680011,6.5,-18.399998,-18.55,-18.574999,-18.799995,-18.766665,-17.949999,-17.420002,-17.150002,-0.0704694,-0.15250862,0.09779343,0.12431514,-0.023188436,0.013341307,-0.11029782,-0.03491705,-0.1623069,-0.15018123,0.1300532,0.255586,0.07800748,0.059905518,-0.1074512,0.011850785,-0.01406212,0.003042109,0.045039095,0.07553145,0.049345694,0.03002199,-0.027989846,0.023823744,9.580614103,9.460176583,9.331473096,9.256249031,9.553131326,9.545317598,9.596467813,9.517991191,29.64348428,29.75021154,29.98471204,30.02091505,30.22701923,29.83503534,29.63105494,29.71132792,0.177502702,0.21406199,0.168836933,0.294080699,0.095172832,0.068322628,0.15650815,0.043900026,97,283.2857143
-17,107,91,98,108,108,80,97,55,317,236,215,284,512,259,209,-0.5600038,-0.4673482,-0.3711013,-0.3079542,-0.4946022,-0.6631938,-0.72927386,-1.0167376,4.498705,4.496072,4.5334215,4.6797667,4.5803075,4.8147397,4.903804,5.0617414,8.302373,8.527429,8.069897,7.8018055,8.352372,8.12203,8.2037325,7.899269,21.939997,22.125004,22.219997,22.233332,22.466665,23.2,23.5,23.833334,8.339991,8.299988,8.200012,8.150009,7.849991,7.0750046,6.6200075,6.466665,-17.819996,-18.45,-18.460001,-18.366665,-18.266665,-17.45,-17.14,-16.900002,-0.10687697,-0.09921062,-0.002663374,0.09305922,0.023420582,0.004178326,-0.0768224,0.009472494,-0.1700038,-0.050457478,0.0357356,0.123435505,0.119973935,0.12699889,-0.071776666,-0.0694961,0.010372492,0.000599,0.03761708,0.050180543,0.034399856,0.026254987,-0.034465015,-0.04036074,9.459458143,9.651431144,9.263523318,9.102923773,9.538656413,9.465142139,9.585424402,9.436812602,29.46983501,29.98012847,30.02898767,29.96795091,30.00074074,29.87972875,29.83042238,29.92416471,0.201076024,0.111306168,0.05195355,0.162525165,0.126986688,0.129751689,0.110640897,0.080922342,93,290.2857143
-17,103,126,123,109,121,109,85,57,329,308,242,355,436,283,214,-0.146607083,-0.195303567,-0.011729992,-0.035769199,-0.194973954,-0.405093147,-0.418468954,-0.501029558,4.3663054,4.642528,4.6838565,4.8077564,4.9962997,4.910907,4.9799395,5.22335,8.095754,8.034257,8.220691,7.9760838,7.988852,8.268974,8.040029,7.747238,20.320002,22.366663,22.449997,22.6,23.16667,23.766665,24.120005,24.366663,2.2400024,1.550003,1.949997,2.2999878,1.6000061,1.1166738,0.95999753,0.7999878,-21.3,-19.933334,-19.566666,-19.320002,-18.433332,-17.683336,-17.740002,-17.700005,0.06379877,-0.052835763,-0.004024718,0.117432736,-0.07104536,-0.027892096,-0.004862481,0.021078935,0.08448267,-0.032335144,0.061374497,0.16988163,0.015995942,0.035165474,-0.005558868,0.08749627,0.022834143,-0.015691094,0.005747367,0.045436155,-0.011095059,-0.001743002,-0.014550811,-0.04343252,9.199312437,9.281190401,9.461416904,9.313093676,9.424583907,9.625852639,9.466624531,9.357035453,29.52304341,30.00013212,29.84391516,29.82134171,29.64864832,29.64458969,29.95670054,30.12746958,0.10830052,0.063901407,0.061774262,0.211458412,0.073664195,0.044917899,0.016317807,0.099931489,104.125,309.5714286
-17,116,78,77,113,97,115,83,66,338,244,248,386,342,274,192,0.038506743,-0.20141222,-0.43654278,0.029728003,-0.209555563,0.07565677,0.11779473,-0.38227418,4.407925,4.8225207,4.5406036,4.778029,4.9162936,5.048653,5.1137757,5.3350797,8.377511,7.8215575,8.761581,8.007008,8.00222,7.9013443,8.159439,7.7316756,21.799997,23.25,23.449997,23.616669,23.399998,23.833334,24.175,24.275002,6.566671,5.2999954,5.100006,5.100006,3.600006,3.25,3,2.7999878,-17.983334,-17.525,-17.95,-18.183334,-18.400002,-17.883333,-17.475,-17.125,0.002651161,-0.11356595,-0.05874079,0.028307505,0.06746396,-0.055808634,-0.039345816,-0.06087882,-0.100548424,-0.18179351,0.021568282,0.041477744,0.1541213,0.04868596,0.031703904,-0.08787297,0.052624002,-0.005510005,0.11620489,0.03602883,0.09320582,-0.02493552,-0.020934355,0.042332962,9.466465873,9.19097571,9.87790222,9.324302762,9.39411418,9.376879161,9.630214032,9.401490123,29.01312356,29.59354788,29.96856554,30.23889468,29.98466313,29.97338667,29.98009756,29.83925734,0.113517839,0.214421234,0.131981997,0.061804488,0.192333268,0.078145419,0.054694405,0.114978125,93.125,289.1428571
-17,102,71,89,105,79,91,92,73,349,266,236,362,416,257,209,0.07613561,-0.15921442,0.17070657,0.1745373,-0.20739773,-0.2288857,-0.26048917,-0.78410107,3.7926548,3.938462,3.8328774,3.9748535,4.1949406,4.6923957,4.898058,5.051367,8.434534,8.380105,8.513541,8.356722,8.494926,8.2949505,8.036856,7.879717,22.516668,22.899998,22.439997,22.720001,23.140003,23.525002,24.279999,24.600006,7.8166604,7.100006,6.9399962,6.899994,6.0800047,4.6250076,4,3.7000046,-17.949999,-18.349998,-18.08,-18.12,-17.580002,-17.05,-16.6,-16.025,0.04032119,-0.116009414,0.054024935,0.16434719,0.07717672,-0.012315032,-0.1580064,0.031209115,-0.13017538,-0.1526247,0.14092661,0.25625795,-0.012583826,0.12822062,-0.12757921,0.09935723,0.005485569,-0.040176608,0.104690075,0.06082996,-0.00047,0.06305962,-0.014900635,0.020463984,9.248318272,9.260831062,9.338119203,9.255524091,9.476513505,9.532951792,9.415406584,9.39260683,29.83794533,30.1917608,29.64124513,29.86875897,29.68977377,29.41970283,29.68296399,29.5914,0.136387387,0.195874049,0.18368183,0.310448739,0.078197313,0.143417932,0.203628353,0.106135021,87.75,299.2857143
-17,90,104,99,117,115,111,102,81,293,273,233,460,481,293,197,-0.11707647,-0.3002329,-0.29137433,-0.08200141,-0.21468008,-0.43734083,-0.3323152,-0.533907,4.3777976,4.495832,4.323449,4.422689,4.5062866,4.7267528,4.7979803,4.887763,8.440518,8.216421,8.542991,8.292716,8.4373665,8.318255,8.268375,8.211214,21.879995,22.716665,23.359997,23.439997,23.320002,23.849998,24.1,24.625004,6.7599974,6.4166617,6.5,6.680011,6.1200075,5.233332,4.5200014,4.225006,-17.839998,-17.616667,-18.200005,-18.44,-17.84,-17.116667,-16.48,-16.349998,-0.010971123,-0.040109403,-0.030274471,0.06261777,-0.051288236,-0.000709,-0.03125186,-0.068361916,-0.008246678,-0.03579672,-0.001160648,0.07344637,0.009590587,0.07792604,-0.053511787,-0.12986995,-0.028845057,-0.02454864,0.05276654,0.051402275,0.020268507,0.027476719,-0.034933347,0.008348492,9.509004303,9.370817425,9.579133859,9.398725492,9.567751037,9.577412243,9.565410263,9.570753324,29.02924861,29.45449664,30.31797556,30.56287955,29.99237545,29.81929673,29.5437102,29.85906784,0.031943866,0.059099959,0.060845694,0.109350575,0.055975663,0.082631353,0.071137394,0.14700086,102.375,318.5714286
-17,104,110,98,118,123,99,98,39,338,271,223,385,383,286,225,-0.25538152,-0.21228589,0.05554547,-0.05067727,-0.19572598,-0.32537204,-0.47117886,-0.69372,4.1874585,4.477556,4.1965566,4.4366555,4.6359725,4.6562433,4.748899,4.9302597,8.466296,8.0076065,8.361509,8.1668215,8.218297,8.389283,8.348103,8.034941,21.960001,22.7,22.439997,22.233332,22.771425,23.34,23.66,24,8.6200075,8.100006,8,8.016667,7.242859,6.279999,5.819989,5.550003,-18.48,-18.560001,-18.600002,-18.800001,-18.828573,-18.04,-17.5,-17.299995,0.014868465,-0.13693154,0.07076263,0.10385118,0.033194426,-0.015002844,0.003200942,0.042968266,-0.06837619,-0.15375479,0.027061325,0.16599244,0.078944154,0.058581978,-0.02070833,0.041783184,0.016990198,-0.03874107,0.07915592,0.06962641,0.036639694,0.02307849,-0.004654793,0.008246681,9.448714006,9.176891352,9.35569374,9.294269935,9.437741004,9.600340509,9.615865792,9.452459205,29.96759205,30.41995619,30.22438651,30.19980197,30.42222813,30.16016557,29.99863117,30.10136808,0.072007232,0.209503347,0.109568813,0.207813365,0.093147821,0.064726735,0.021465043,0.060498877,98.625,301.5714286
-17,87,91,101,118,118,127,109,92,380,304,278,441,386,276,217,-0.4738125,-0.41299978,-0.34596214,-0.3086525,-0.4275645,-0.52812105,-0.5231331,-0.73813236,4.9840097,4.953364,4.8595114,4.9079137,5.0166507,5.156512,5.1704783,5.2859187,8.058165,7.998549,8.045236,8.132106,8.180787,8.068061,8.202535,8.182424,22.16,23,22.733335,22.733335,23.299997,23.483332,24.040003,24.459997,6.6400084,6.200012,6.216675,6.399994,5.6166687,4.483332,4.2200074,4.200012,-18.099998,-18.240002,-18.033335,-18.366667,-18.116667,-16.983334,-16.72,-16.819996,-0.05492289,-0.073401555,-0.015980229,0.014563036,0.017442832,0.000819,-0.037482683,-0.046218053,-0.10039571,0.013683379,-0.033251446,0.045631632,0.115916036,0.04595743,-0.00152716,-0.06160576,-0.013145821,0.03282179,-0.00612087,0.03370754,0.048857003,0.03236364,-0.02493552,0.007897615,9.486773642,9.417174196,9.40533695,9.503369468,9.605981032,9.589689054,9.710257181,9.769229161,29.3728657,30.00229694,29.67579383,29.91820349,30.0441417,29.32576992,29.58527686,29.98072413,0.115189561,0.08156159,0.037396409,0.058570693,0.126995222,0.056215312,0.045045132,0.077419315,105.375,326
-17,118,104,99,115,116,78,97,84,374,331,260,386,486,275,230,-0.46008572,-0.51116204,-0.32848448,-0.40222588,-0.47265533,-0.8137293,-0.790326,-0.9107543,4.988918,4.938041,4.8020506,4.880101,5.071119,5.2034984,5.2459354,5.30196,8.130909,8.016266,8.06846,8.021054,7.815472,7.793426,7.998309,8.001183,21.757143,22.866667,22.540003,22.683332,23.216667,23.425,23.680002,24.25,7.2714276,6.5,6.8599916,7.2666626,6.5,5.550003,4.899994,4.5750046,-18.371428,-17.966667,-18.339998,-18.483334,-18.183334,-17.2,-16.200005,-15.800003,-0.03160092,-0.13784784,0.012363923,-0.009362522,-0.028706582,0.024947744,-0.11066433,-0.031251855,-0.07048513,-0.106453456,0.03207042,0.017144956,0.09075421,0.03277292,-0.08533788,-0.07092145,-0.002542944,-0.006573086,0.04042706,0.053234864,0.03806505,0.06733567,-0.012473869,-0.03624467,9.550532071,9.429000802,9.395085885,9.397578342,9.328518294,9.406170304,9.597781007,9.641534247,29.38973116,29.79824798,29.85744039,30.14915541,30.19763669,29.58670577,29.10657311,29.30244464,0.077286728,0.174291626,0.053063411,0.056705882,0.102515084,0.078933812,0.140302335,0.085558206,101.375,334.5714286
-17,116,83,88,96,104,114,90,76,400,271,218,309,391,335,214,-0.05666277,-0.09008184,-0.24001873,-0.12090717,-0.35170823,-0.493445,-0.38522705,-0.57011926,4.787007,4.8913536,4.7997756,4.8054023,4.9289427,4.9866433,5.0781016,5.1364603,8.184778,7.8431053,7.7895355,8.043799,8.230308,8.239645,7.933667,8.0962925,22.583338,22.724998,22.949997,22.780003,23.133331,23.416662,23.699997,24,6.066671,5.75,5.8249893,6.100006,5.966665,5.050003,4.725006,4.700012,-19.21667,-19.050001,-19,-18.960001,-19.066668,-18.083334,-17.75,-17.650002,0.026983961,-0.09020035,-0.032351412,0.060255766,0.00193849,-0.003457488,-0.12486695,-0.002744811,-0.042821657,-0.039309178,0.001649332,0.11954634,0.04371759,0.06764314,-0.093828894,-0.065627284,0.020655388,-0.028570166,0.054476954,0.039694022,0.002125812,0.002431243,-0.0363587,-0.019445876,9.482048175,9.243795515,9.152721896,9.370656976,9.599799195,9.643746632,9.427544103,9.605113879,30.26701271,30.20580362,30.35840679,30.25921757,30.5661565,30.01415596,29.98463005,30.15978586,0.054666933,0.102457645,0.063380381,0.139634165,0.04381215,0.067775066,0.16036699,0.068502675,95.875,305.4285714
-17,96,117,81,107,115,145,88,41,263,278,208,275,330,274,238,-0.35984856,-0.29628244,-0.3106477,-0.10510546,-0.23143949,-0.44891283,-0.37110126,-0.4878186,4.625598,4.656323,4.6324806,4.649779,4.8267107,4.9087977,4.9464207,5.0679264,8.350976,8.236852,7.929596,8.129272,8.180589,8.253497,8.2418,7.906253,21.280003,21.84,22.319998,22.26,22.34,22.742857,23.525002,23.700003,8.319989,8.020001,8.100006,8.100006,7.6200075,6.600002,6.200012,6.166677,-19.48,-19.38,-19.48,-19.5,-19.239998,-18.271427,-18.55,-18.800001,-0.044568717,0.006621791,-0.011581987,0.07626043,0.01934815,-0.008038977,-0.07034723,0.03624875,-0.09132435,-0.007696895,0.009834936,0.1332297,0.0961502,-0.03747658,-0.025106564,0.115697876,-0.016139064,-0.00601906,0.06315125,0.08941845,0.04855157,0.007852673,0.000904,-0.006291912,9.5532428,9.466512454,9.188844934,9.365711674,9.501196599,9.613429685,9.619358665,9.403758902,30.02550823,30.28019841,30.71258387,30.68171601,30.45189054,29.91057698,30.59360011,30.87325841,0.102893036,0.011803364,0.064953435,0.177655468,0.109437045,0.039125231,0.074698658,0.121406584,98.75,266.5714286
-17,99,106,83,108,129,91,99,74,320,282,235,379,414,259,242,-0.7015011,-0.49823338,-0.22595277,-0.29616275,-0.4950012,-0.71419036,-0.7086838,-0.6338649,4.8089933,4.8271894,4.633379,4.8671727,4.896741,5.1152124,5.160702,5.159804,8.149623,8.034462,8.312668,7.8762054,8.283738,8.038771,8.107725,7.869442,23.8,23.600002,23.5,23.76,24.183334,25.125,25.7,26.066671,8.5,8.240003,8.175011,8.200012,7.600006,6.3749924,5.9199953,5.799988,-18.660002,-18.62,-18.9,-19.5,-19.283333,-18.374998,-17.880001,-17.566666,-0.060329042,-0.01933998,0.07839845,0.15713897,-0.025346825,-0.071110815,-0.07743327,0.06587572,-0.095233895,-0.12579753,0.12470813,0.29181033,0.12333369,0.018417588,-0.07544185,0.1608001,-0.004776967,0.004162028,0.087952375,0.06315125,0.08438899,0.010067059,-0.030555481,-0.006210464,9.488670897,9.38629712,9.519438265,9.263460151,9.635528728,9.554962321,9.636922877,9.431515224,31.41473658,31.16989162,31.24565258,31.81238433,31.85028518,31.7733647,31.86268633,31.96402591,0.112835754,0.127343535,0.171563559,0.337392953,0.151575599,0.074143788,0.11234332,0.17388172,98.625,304.4285714
-17,108,97,81,109,123,99,103,73,320,300,241,377,400,263,248,-0.7693369,-0.70485294,-0.32950202,-0.3292027,-0.31264284,-0.707726,-0.70788556,-0.75616866,5.030417,5.007473,4.732439,4.8082747,4.8173337,4.9667716,4.998095,5.1471343,8.207124,7.950905,8.0762415,7.9884934,8.09719,8.163031,8.136895,7.7336707,24.060003,23.740002,22.8,22.399998,22.514286,23.025002,23.76,24.150002,8.399994,8.259997,8.399994,8.459997,7.6571436,6.700012,6.4799986,6.299988,-18.52,-18.779997,-18.900002,-18.819996,-18.22857,-17.299995,-17.319996,-17.25,-0.10064615,-0.038460065,-0.04866151,0.06880787,-0.06230417,-0.088306665,-0.04346916,0.057781752,-0.16047432,-0.07812968,-0.03075707,0.20409007,0.13158037,0.017409654,0.002382376,0.14731017,-0.03483153,0.004874705,0.07069543,0.07793418,0.07675318,-0.005265659,0.01110553,-0.000713,9.656803758,9.42276466,9.366441546,9.329732408,9.427032164,9.581480644,9.575547809,9.320646171,31.50292119,31.37679927,30.78327427,30.45527391,29.96340579,29.5690836,30.10830854,30.33933001,0.192600338,0.087219185,0.091168984,0.229043699,0.164579021,0.090160359,0.04492857,0.158238824,99.125,307
-17,95,98,96,107,98,71,92,59,322,245,222,386,407,256,217,-0.60812724,-0.34045547,-0.33255464,-0.25091234,-0.2755726,-0.57969606,-0.7508217,-0.96805555,4.787446,4.7364492,4.6263156,4.7189713,4.74842,5.0828905,5.089115,5.259662,8.091205,7.98586,8.149144,7.7986326,8.037813,7.7551184,8.029674,7.5892205,21.98,21.540003,21.600002,21.866663,22.060003,22.866663,23.575,24.1,8.299988,8.299988,8.540003,8.700012,8.2,6.399994,6.100006,6,-18.6,-18.78,-19,-19.366667,-18.859999,-17.599998,-17.400002,-17.233335,-0.030844614,-0.15428011,-0.08638245,0.12512964,-0.046676207,-0.007020872,-0.07049995,-0.04815246,-0.085175,-0.15497652,-0.10894782,0.24693209,0.08378017,0.13127494,-0.059925888,0.036998075,-0.02902832,-0.029944614,0.091923,0.06871012,0.04717712,0.040712133,-0.031624496,-0.006210464,9.421096343,9.291061344,9.376669801,9.118679595,9.339693281,9.29051585,9.53616743,9.284257843,29.96615092,29.75819097,30.00819451,30.47800765,30.15929864,29.55679498,29.92909567,30.22908922,0.095125255,0.220718721,0.166677512,0.285226164,0.106880615,0.137622238,0.097782737,0.061041681,89.5,293.5714286
